PRODUCT_ID,TITLE
CN2B7NPC855W,원턱 데님 팬츠
CN2B7NPC855WM,원턱 데님 팬츠
CN2B7NPC856W,루즈 데님 팬츠
CN2B7TTO602W,자수 티셔츠
CN2B7WJM250W,부클레 점퍼
CN2B7WPC800W,스트레이트 크롭 팬츠
CN2B7WPC800WP,스트레이트 크롭 팬츠
CN2B7WSC707W,백 밴딩 체크 스커트
CS2B1WDR018WHM,칼라리스 셔츠 드레스
CS2B1WSC012WNL,트위드 버튼 스커트
CS2B3WCT001WEF,시스루 코트
HS2B3TTS002M73,마할로 후드 집업 점퍼
HS2B3WCT012MPA,디테쳐블 후드 트렌치 코트
HS2B3WJC009MMO,프린팅 스터드 재킷
HS2B3WJC010MMO,프린팅 재킷
HS2B3WJC026MPA,싱글 브레스티드 재킷
HS2B3WSH011M6G,린넨 텍스처 셔츠
IL2B0QOT771WS,램스킨 구스 다운 점퍼
IL2B0QOT774W,레이어 구스 다운 점퍼
IL2B0QOT775W,히든 후드 구스 다운 점퍼
IL2B0QOT776WS,[add] 리버시블 덕 다운 점퍼
IL2B0WCT301W,[CLASSY LUX] 브레이드 코트
IL2B0WOT202W,벨티드 패딩 코트
IL2B0WOT203W,레더 블록 패딩 점퍼
IL2B1WCT311WP,드로우스트링 트렌치 코트
IL2B1WCT313WM,디테쳐블 칼라 트렌치 코트
IL2B3WJC269WP,[스타일레슨] 브레이드 페이크 레더 재킷
IL2B3WPC533WM2,원턱 테이퍼드 팬츠
IL2B4WJC276WP,시어서커 체크 재킷
IL2B4WPC556WP,레터링 헴 밴딩 팬츠
CM2B1KCD033M,실크 블렌드 니트 가디건
CM2B1KOT032M,리브 니트 가디건
CM2B1WOT243WP1,린넨 블렌드 트렌치 코트
CM2B3KCD034M,브이넥 니트 가디건
CM2B3NPC578WM1,데님 쇼츠
CM2B3NPC578WM2,데님 쇼츠
CM2B3WSC556WM2,밴딩 플레어 스커트
CM2B3WSC558WP1,린넨 플레어 스커트
CM2B4KCD237WP1,아일렛 니트 가디건
CM2B4KSC142W,투톤 니트 스커트
CM2B4WOT281WP2,드로우스트링 셔츠 점퍼
CM2B4WSC570W,린넨 블렌드 플레어 스커트
CM2B5KOP315W,노치넥 니트 드레스
CM2B5KOP318W,인타르시아 니트 드레스
CM2B5WPC608W,솔리드 쇼츠
CM2B5WPC608WP1,솔리드 쇼츠
CM2B7KOT252W,메쉬 니트 가디건
CM2B7KPC551W,밴딩 니트 팬츠
CM2B7KPC908W,와이드 니트 팬츠
CM2B7KSC906W,슬릿 헴 니트 스커트
CM2B7NOT219W,크롭 데님 점퍼
CM2B7NPC515W,스트레이트 데님 팬츠
CM2B7NPC515WM1,스트레이트 데님 팬츠
CM2B7WOP402W,리버스넥 슬리브리스 드레스
CM2B7WOP404W,드레이프 패널 드레스
CM2B7WOT220W,드로우스트링 후드 점퍼
CM2B7WOT232W,벨티드 싱글 재킷
CM2B7WOT232WP1,벨티드 싱글 재킷
CM2B7WOT236W,오픈 칼라 셔츠 점퍼
CM2B7WPC507W,원 턱 팬츠
CM2B7WPC518W,울 원턱 팬츠
CM2B7WPC550W,투턱 팬츠
CM2B7WSC534W,린넨 블렌드 플레어 스커트
CM2B7WSC536W,인버티드 플리츠 스커트
CM2B7WTO303W,슬리브리스 탑
CM2B7WTO308W,턱인 실크 블렌드 탑
CM2B7WTO308WM1,턱인 실크 블렌드 탑
CM2B8KOP922W,백 랩 니트 드레스
CM2B8KOT921W,드로우스트링 니트 가디건
CN2B0RCT150W,캐시미어 블렌드 벨티드 코트
CN2B0ROT201W,캐시미어 드롭 숄더 코트
CN2B0ROT209W,체크 하프 코트
CN2B0WOT202W,벨벳 블록 패딩 점퍼
CN2B0WOT202WM,벨벳 블록 패딩 점퍼
CN2B0WOT206W,캐시미어 하프 코트
CN2B0WOT209W,체크 하프 코트
CN2B1WSC708N,플레어 헴 스커트
CN2B3KSC056W,컬러 라인 니트 스커트
CN2B4WDR412W,리브 블록 드레스
CN2B5WSC728W,자수 체크 스커트
CN2B5WSC730W,레이스 플레어 스커트
MN2B3NSC943WM1,슬릿 데님 스커트
MN2B3NSC943WM3,슬릿 데님 스커트
MN2B3NSC943WP,슬릿 스커트
MN2B3WPC045WP,스트레치 팬츠
MN2B3WSC947W,브레이드 트위드 스커트
MN2B4WOP670WM1,노트 슬리브 드레스
MN2B4WPC065WP,플레어 쇼츠
MN2B4WSC964WM,[셀럽 착용] 브레이드 라인 스커트
MN2B4WSH864WM,[셀럽 착용] 노트 헴 셔츠
MN2B5KSC081W,프린지 니트 스커트
MN2B5TTO281W,펄 & 스트랩 티셔츠
MN2B5WPC081WM1,스트랩 헴 팬츠
MN2B5WPC084W,백 밴딩 팬츠
MN2B7KCD902W,크리스탈 버튼 니트 가디건
MN2B7KPC204W,멜란지 웨이스트 니트 팬츠
MN2B7KSC203W,부클레 니트 스커트
MN2B7KVT702W,부클레 니트 베스트
MN2B7WJC602W,하프 슬리브 크롭 재킷
MN2B7WJC602WM,하프 슬리브 크롭 재킷
MN2B7WOP801W,볼륨 슬리브 드레스
MN2B7WPC302W,[CODE MINE : M] 프릴 레더 쇼츠
MN2B7WPC303W,[CODE MINE : M] 새틴 밴딩 팬츠
MN2B7WTO506W,드로우스트링 스모킹 탑
MN2B7WTO509N,3/4 슬리브 후드 탑
MN2B7WTO510W,솔리드 크롭 탑
MU2A7WCT082WJ9,울 블렌드 체크 코트
MU2A9NPC020MFE,슬림 데님 팬츠
MU2B1NCT002W1N,헤어리 체크 데님 코트
MU2B1NJC005W1N,건스 프린팅 데님 재킷
MU2B1NSC004W1N,자수 데님 스커트
IL2B4WSH831WM,퍼프 슬리브 셔츠
IL2B4WSH831WP,퍼프 슬리브 셔츠
IL2B7WJC403W,[스타일레슨] 글리터링 트위드 재킷
IL2B7WOT432W,[CLASSY LUX] 글리터 자카드 점퍼
IL2B7WPC203W,[스타일레슨] 원턱 와이드 팬츠
IL2B7WPC204W,라인 조거 팬츠
IL2B7WPC204WM,라인 조거 팬츠
IL2B7WSC154W,밴딩 블록 턱 스커트
IL2B7WSH542W,체크 후드 셔츠
IL2B7WSH544W,래이어 플래킷 셔츠
LC2B0NOT304W,데님 패딩 점퍼
LC2B0QJCC03W,[IT.1] 리브 블록 패딩 점퍼
LC2B0QOT802W,[셀럽착용] 벨티드 패딩 코트
LC2B0QOTC09W,[IT.1] 드로우스트링 패딩 점퍼
LC2B0QOTC09WM1,[IT.1] 드로우스트링 패딩 점퍼
LC2B0WCT402W,헤링본 벨티드 코트
LC2B0WOT707W,트위드 점퍼
LC2B1WCT422W,크링클 트렌치 코트
LC2B1WPC438WM4,백 밴딩 와이드 팬츠
LC2B3WOT750W,크리스탈 버튼 트렌치 코트
LC2B4NSC365W,프린팅 데님 스커트
LC2B4WOP164WM1,린넨 블렌드 벨티드 드레스
LC2B4WOP169WM2,크링클 드레스
LC2B4WPC463W,플리츠 퀼로트 쇼츠
LC2B4WPC470W,와이드 크롭 팬츠
LC2B4WTO969WM1,드로우스트링 셔링 탑
LC2B5WSC585W,웨이브 프린팅 스커트
LC2B5WSC587WM1,플레어 헴 스커트
LC2B5WSS581W,바이어스 슬릿 스커트
LC2B7KCD108W,[IT.1] 체크 니트 가디건
LC2B7WBL105W,셔링 밴딩 블라우스
LC2B7WJC401W,로고 버튼 오버사이즈 재킷
LC2B7WOP206W,[IT.1] 하이넥 스트라이프 드레스
LC2B7WOP208W,셔링 드레이프 드레스
LC2B7WOP209W,니팅 블록 핀턱 드레스
LC2B7WOP210W,퍼프 슬리브 버튼 드레스
LC2B7WOT801W,볼륨 슬리브 니팅 재킷
LC2B7WOT803W,[IT.1] 플리츠 크롭 점퍼
LC2B7WOT803WM1,[IT.1] 플리츠 크롭 점퍼
LC2B7WOT805W,[IT.1] 플리츠 라인 체크 점퍼
LC2B7WPC502W,하이웨이스트 오간자 쇼츠
LC2B7WPC503W,[IT.1] 하이웨이스트 밴딩 팬츠
LC2B7WPC506W,린넨 블렌드 투턱 팬츠
LC2B7WSC609W,프린팅 레이어 플리츠 스커트
LC2B7WTO209W,레터링 시어 탑
LV2B1KCD002W,컬러 스트라이프 니트 가디건
LV2B3WDR005W,프린팅 블록 드레스
LV2B3WTO007W,퍼프 슬리브 탑
MM2B0WCT094M,세미오버 벨티드 더블 트렌치 코트
MM2B1KCD003M,칼라 니트 가디건
MM2B1KCD032H3A,칼라 니트 가디건
MM2B1WCT021H2A,체크 트렌치 코트
MM2B1WCT022H2A,맥 트렌치 코트
MM2B1WCT090MM,세미 오버 싱글맥코트
MM2B1WCT091M,패딩 라이너 트렌치 코트
MM2B1WCT093M,벨티드 더블 트렌치 코트
MM2B1WCT096M,벨티드 맥 코트
MM2B1WCT097N,싱글 맥 코트
MM2B1WOT035H3A,후드 윈드 점퍼
MM2B1WPC504MP,스트레치 밴딩 팬츠
MM2B1WPC505MM,사이드 밴딩 팬츠
MM2B1WPC506MM,스트레치 크롭 팬츠
MM2B1WSH703MM,플랩 포켓 셔츠
MM2B3KCD005M,더블 페이스 니트 가디건
MM2B3KCD020H5A,린넨 블렌드 니트 가디건
MM2B3NPC026H5E,스트레이트 데님 팬츠
MM2B3WOT038H5A,포켓 셔츠 점퍼
MM2B3WOT304MM,포켓 집업 점퍼
MM2B3WOT304MM1,포켓 집업 점퍼
MM2B3WOT306M,솔리드 봄버 점퍼
MM2B3WOT306MM,솔리드 봄버 점퍼
MM2B3WOT306MP,솔리드 봄버 점퍼
MM2B3WPC011H6H,슬림 핏 치노 팬츠
MM2B3WPC017H6E,린넨 블렌드 밴딩 팬츠
MM2B3WPC038H5A,밴딩 리조트 팬츠
MM2B3WPC508MM,백 밴딩 팬츠
MM2B3WPQ024H5A,체크 쇼츠
MM2B3WPQ036H5A,체크 밴딩 쇼츠
MM2B3WPQ045H5E,스트레치 쇼츠
MM2B3WPQ060H5H,솔리드 쇼츠
MM2B3WPQ061H5H,박스터 쇼츠
MM2B3WPQ061H6H,박스터 쇼츠
MM2B3WPQ062H5H,체크 쇼츠
MM2B3WPQ064H6H,린넨 블렌드 스트라이프 쇼츠
MM2B4WJC200M,셋업 싱글 재킷
MM2B7KCD001M,울 블렌드 니트 가디건
MM2B7NPC023H8A,슬림 데님 팬츠
MM2B7TTO035H7E,칼라 티셔츠
MM2B7TTO600M,플랩 포켓 티셔츠
MM2B7TTO600MM,플랩 포켓 티셔츠
MM2B7TTO600MM1,플랩 포켓 티셔츠
MM2B7WPC500M,슬림 스트레이트 팬츠
MM2B7WPC500MM,슬림 스트레이트 팬츠
MM2B7WPC502M,사이드 밴딩 팬츠
MM2B7WSH701M,포켓 셔츠
MN2B0WCT201W,원 버튼 코트
MN2B0WOT503W,알파카 블렌드 케이프 코트
MN2B3KSC043W,[CODE MINE : G] 스트라이프 니트 스커트
MU2B3WSH150W6O,[MM6 MAISON MARGIELA] 스트라이프 블록 셔츠
MW2B0RCT200W,캐시미어 블렌드 벨티드 코트
MW2B0RCT201W,울 블렌드 더블 코트
MW2B0RCT201WM,울 블렌드 더블 코트
MW2B1WCG001E3A,벨티드 트렌치 코트
MW2B3KSC015E6A,스트라이프 니트 스커트
MW2B3WDR012E4A,플리츠 셔츠 드레스
MW2B3WDR014E4A,프린팅 셔링 드레스
MW2B3WDR018E5A,다트 슬리브리스 드레스
MW2B3WSC010E4A,크링클 플레어 스커트
MW2B3WSC705W,벨티드 펜슬 스커트
MW2B3WSH020E5A,린넨 셔츠
MW2B4WSC711W,인버티드 플리츠 스커트
MW2B7KCD001EEE,리브 니트 가디건
MW2B7KCD304W,크로셰 블록 니트 가디건
MW2B7NPC004E,[MOTHER DENIM] 프레이드 데님 팬츠
MW2B7NPC005E,[MOTHER DENIM] 벨보텀 데님 팬츠
MW2B7NPC006E,세미 벨보텀 데님 팬츠
MW2B7TTO500W,돌먼 티셔츠
MW2B7WDR001E,플리츠 패널 미니 드레스
MW2B7WDR002E,스트라이프 미니 드레스
MW2B7WDR003E,벨티드 테일러드 드레스
MW2B7WSC700W,페이크 레더 플리츠 스커트
MW2B7WSH006E,플레어 헴 셔츠
O22B0WCT601W,3/4 슬리브 코트
O22B1WPC815W,티어드 미니 스커트
O22B4WPC832W,플리츠 미니 스커트
O22B4WSC933W,자카드 플레어 스커트
O22B5WOPW23W,[WE] 벨티드 점프수트
O22B5WPCW19W,[WE] 하이웨이스트 밴딩 쇼츠
O22B5WSCW10W,[WE] 크링클 밴딩 스커트
O22B5WSCW11W,[WE] 머메이드 스커트
OB2B0QOT805W,구스 다운 데님 점퍼
OB2B0ROT022W,[ICONIC] 숄 디테쳐블 하프 코트
OB2B0WOT030W,[ICONIC] 브레이드 하프 코트
OB2B1WOT025W,집업 트위드 코트
OB2B3WPC323WM3,벨티드 팬츠
OB2B3WPS319WM1,벨티드 원턱 팬츠
OB2B3WSC420W,글리터 체크 트위드 스커트
OB2B3WSC436W,[COUTURE] 티어드 레이스 스커트
OB2B3WSC441W,브레이드 트위드 스커트
OB2B4WOP537W,프레이드 니팅 드레스
OB2B4WSC431W,[COUTURE] 린넨 블렌드 투턱 스커트
OB2B5WOP553W,레이스 블록 점프수트
OB2B5WOP565W,프릴 헴 레이스 드레스
OB2B5WPC339WM1,벨티드 턴업 팬츠
OB2B5WPC359W,린넨 블렌드 투턱 팬츠
OB2B5WPC361W,밴딩 조거 팬츠
OB2B5WPC361WM1,밴딩 조거 팬츠
OB2B5WPC363W,스트레치 밴딩 팬츠
OB2B5WSC438W,프린지 크로셰 스커트
OB2B5WSC454W,벨티드 플레어 스커트
OB2B7KCD760W,크로셰 니트 가디건
OB2B7LOT804W,퍼프 슬리브 램스킨 점퍼
OB2B7NPC630W,원턱 데님 팬츠
OB2B7WBL191W,프릴 칼라 번아웃 블라우스
OB2B7WJC078W,퍼프 슬리브 크롭 재킷
OB2B7WOP572W,턴업 커프스 핀턱 드레스
OB2B7WOT063W,[ICONIC] 프릴 후드 점퍼
OB2B7WOT070W,[ICONIC] 플라운스 칼라 점퍼
OB2B7WOT074W,[ICONIC] 레더 블록 점퍼 & 아일렛 칼라
OB2B7WOT083W,밴딩 블록 턱 점퍼
OB2B7WOT089W,[ICONIC] 글로시 후드 점퍼
O22B5WSH391W,레이스 블록 셔츠
O22B5WVT781WM1,레이스 베스트
O22B7NPC655W,트위스트 라인 데님 팬츠
O22B7NSH653W,프릴 데님 셔츠
O22B7TTO551W,엠보 니팅 티셔츠
O22B7TTO552W,레터링 자수 티셔츠
O22B7TTO554W,레이스 레이어 티셔츠
O22B7TTO555W,텍스처 블록 자수 티셔츠
O22B7WBL001W,러플 블라우스
O22B7WOP134W,텍스처 블록 드레스
O22B7WPC301W,스모킹 밴딩 조거 팬츠
O22B7WPC303W,벨티드 퀼로트 팬츠
O22B7WSC402W,자수 튤 스커트
O22B7WSC404W,레터링 플리츠 스커트
O22B7WTO101W,백 자수 후드 탑
O22B7WVT481W,크리스탈 후드 베스트
MU2B1WJC121WS8,플로럴 프린팅 패딩 점퍼
MU2B3LTO001W6O,[MM6 MAISON MARGIELA] 레터링 레더 탑
MU2B3NPC058W6O,[MM6 MAISON MARGIELA] 포켓 데님 팬츠
MU2B3NPC059W6O,[MM6 MAISON MARGIELA] 데님 바이커 쇼츠
MU2B3TTO073MEC,레터링 티셔츠
MU2B3TTO076MCL,[CASABLANCA] 테니스 클럽 칼라 티셔츠
MU2B3TTO077MCL,[CASABLANCA] 테니스 클럽 스웻셔츠
MU2B3TTO286W6O,[MM6 MAISON MARGIELA] 컷팅 후드 티셔츠
MU2B3TTO287W6O,[MM6 MAISON MARGIELA] 로고 패치 티셔츠
MU2B3TTO288W6O,[MM6 MAISON MARGIELA] 레터링 스웻셔츠
MU2B3TTO290W6O,[MM6 MAISON MARGIELA] 도트 하이넥 티셔츠
MU2B3WCT024W6O,[MM6 MAISON MARGIELA] 레터링 데님 코트
MU2B3WDR052W6O,[MM6 MAISON MARGIELA] 프린팅 드레스
MU2B3WJC031MCL,[CASABLANCA] 파이핑 재킷
MU2B3WJC064W6O,[MM6 MAISON MARGIELA] 원버튼 재킷
MU2B3WPC048MCL,[CASABLANCA] 테니스 클럽 실크 쇼츠
MU2B3WPC049MCL,[CASABLANCA] 밴딩 쇼츠
MU2B3WPC152W6O,[MM6 MAISON MARGIELA] 스트레이트 팬츠
MU2B3WSC037W6O,[MM6 MAISON MARGIELA] 뷔스티에 새틴 스커트
MU2B3WSC038W6O,[MM6 MAISON MARGIELA] 도트 플리츠 스커트
MU2B3WSH038MCL,[CASABLANCA] 하와이안 실크 셔츠
MU2B3WSH039MCL,[CASABLANCA] 테니스 클럽 실크 셔츠
MU2B3WSH149W6O,[MM6 MAISON MARGIELA] 레터링 셔츠
SJ2B5WPC996W,투턱 쇼츠
SJ2B5WSC252WM1,글리터링 레이어 스커트
SJ2B7TTO631W,레터링 패치 티셔츠
SJ2B7WJC201W,하프 슬리브 크롭 재킷
SJ2B7WPS361W,크롭 와이드 팬츠
SJ2B7WSC905W,언밸런스 헴 밴딩 스커트
SJ2B7WSH501W,백 스트랩 스트라이프 셔츠
SJ2B7WSH502W,플랩 레이어 셔츠
SJ2B7WTO451W,메쉬 블록 크로셰 탑
SY2B0WOT533WM1,벨티드 후드 트렌치 코트
SY2B0WOT534W,디테쳐블 칼라 패딩 점퍼
SY2B0WOT534WM,디테쳐블 칼라 패딩 점퍼
SY2B0WOT534WM1,디테쳐블 칼라 패딩 점퍼
SY2B0WOT534WM2,디테쳐블 칼라 패딩 점퍼
SY2B1WOT542WP,칼라리스 트렌치 코트
SY2B3KSC486W,언밸런스 헴 니트 스커트
SY2B3WJC408WM4,오픈 재킷
SY2B3WOP980W,러플 패널 미니 드레스
SY2B4WPS882WM1,웨이스트 턱 팬츠
SY2B4WSC734W,언밸런스 헴 스커트
SY2B5KSCJ95W,[모노크롬] 스트라이프 니트 스커트
SY2B5NOT508W,퀼팅 데님 재킷
SY2B5WJC471WM2,하프 슬리브 재킷
SY2B5WJC471WM3,하프 슬리브 재킷
SY2B5WOP951WM2,언밸런스 밴딩 드레스
SY2B5WOP996WM1,언밸런스 턱 드레스
SY2B5WOP999WM1,윙 슬리브 드레스
SY2B5WOPJ53WM1,스트랩넥 드레스
SY2B5WOT571W,버튼 포켓 점퍼
SY2B5WPC847W,백 밴딩 퀼로트 쇼츠
SY2B5WPC847WM,백 밴딩 퀼로트 쇼츠
SY2B5WPCJ44W,[모노크롬] 벨티드 번아웃 쇼츠
OB2B7WPC340W,[ICONIC] 벨티드 레더 쇼츠
OB2B7WPC346W,벨티드 테이퍼드 팬츠
OB2B7WPC350W,벨티드 원턱 팬츠
OB2B7WPC350WM1,벨티드 원턱 팬츠
OB2B7WSC445W,[ICONIC] 드레이프 레더 스커트
OB2B7WSC464W,시퀸 & 비딩 스커트
OB2B7WSC466N,[ICONIC : EXCLUSIVE] 레더 플레어 스커트
OB2B7WSC469W,프린팅 레이어 튤 스커트
OB2B7WSC471W,플레어 헴 스커트
OB2B7WSC471WM1,플레어 헴 스커트
OB2B7WSC475W,드로우스트링 레더 스커트
OB2B7WSH208W,크리스탈 셔츠
OB2B7WVT068W,러플 패널 베스트
PL2B3TTO004W,프릴 패널 티셔츠
PL2B3WCT001W,벨티드 트렌치 코트
PL2B7KCD002W,컬러 라인 니트 가디건
PL2B7TPC002W,밴딩 조거 팬츠
PL2B7WDR014W,투웨이 퍼프 슬리브 드레스
PL2B7WJM001W,더블 지퍼 점퍼
PL2B7WSC002W,버블 헴 스커트
SH2B0KCD008M,울 니트 가디건
SH2B0NPC502MP1,카고 데님 조거 팬츠
SH2B0WPC502MM2,밴딩 카고 팬츠
SH2B0WSH704MM,히든 버튼 셔츠
SH2B1KCD007M,레이어 니트 가디건
SH2B1KCD012M,스티치 라인 니트 가디건
SH2B1KVT029M,언밸런스 니트 베스트
SH2B1WCT402M,싱글 트렌치 코트
SH2B1WCT402MM,싱글 트렌치 코트
SH2B1WCT403M,히든 버튼 맥 코트
SH2B1WCT404M,지퍼 슬리브 트렌치 코트
SH2B1WCT405M,플랩 트렌치 코트
SH2B1WCT406M,벨티드 트렌치 코트
SH2B1WJC253MM,[SET-UP] 히든 버튼 재킷
SH2B1WOT312MM1,드로우스트링 셔츠 점퍼
SH2B1WPC553MM,투턱 크롭 팬츠
SH2B1WPC553MM1,투턱 크롭 팬츠
SH2B1WSH701MM1,니트 블록 셔츠
SH2B3KCD015M,컬러 라인 니트 가디건
SH2B3KCD020M,컬러 블록 니트 가디건
SH2B3KCD021M,블록 니트 가디건
SH2B3KCD028M,크로셰 니트 가디건
SH2B3TRN621MM3,백 프린팅 티셔츠
SH2B3WJC255MM,스트레치 싱글 재킷
SH2B3WJM316M,드로우스트링 플랩 블루종
SH2B4KCD031M,[275C] 백 프린팅 니트 가디건
SH2B4NPC549M,디스트로이드 데님 팬츠
SH2B4NPC550M,텍스처 블록 데님 팬츠
SH2B4NPC550MM,텍스처 블록 데님 팬츠
SH2B4NPC550MP1,텍스처 블록 데님 팬츠
SH2B4WJC257M,하프 슬리브 재킷
SH2B4WJM325M,[275C] 프린팅 & 자수 셔츠 점퍼
SH2B4WPC516MM,시어서커 밴딩 팬츠
SH2B4WPC516MM1,시어서커 밴딩 팬츠
SH2B4WPC525MM1,플리츠 밴딩 팬츠
SH2B4WPC531MM,백 턴업 팬츠
SH2B4WPC572M,포켓 밴딩 팬츠
SH2B4WSH718MM1,플리츠 셔츠
SH2B5NPC568M,워싱 라인 데님 쇼츠
SH2B5NPC569M,패치 포켓 데님 쇼츠
SH2B5TRN652MM1,솔라 자수 티셔츠
SH2B5TRN668M,로고 패치 티셔츠
SH2B5TRN668MM,로고 패치 티셔츠
SH2B5TRN669MM,프린팅 & 패치 티셔츠
SH2B5WJM327M,[TYPE 2] 후드 점퍼
SH2B5WPC502MP,밴딩 카고 쇼츠
SH2B5WSH728M,백 프린팅 셔츠
SH2B5WVT324M,[TYPE 2] 포켓 집업 베스트
SH2B7NPC503M,봉제 라인 데님 팬츠
SH2B7NPC508M,버튼 헴 데님 팬츠
SH2B7NPC515M,슬림 데님 팬츠
SH2B7TRN608M,리브 블록 티셔츠
SH2B7TRN613M,자수 & 프린팅 티셔츠
SH2B7TTN601M,오픈 칼라 티셔츠
SH2B7WJM311M,페이크 레더 점퍼
SH2B7WPC502M,세미 벨보텀 팬츠
SH2B7WPC502MM,세미 벨보텀 팬츠
SH2B7WPC510M,와이드 팬츠
SH2B7WSH706M,사이드 지퍼 셔츠
SH2B7WTO605M,하프 플래킷 탑
SH2B8WJC251M,울 블렌드 싱글 재킷
SH2B8WPC551M,스트레이트 밴딩 팬츠
SJ2B0WOT602W,백 플랩 패딩 점퍼
SJ2B1WJM397WM,후드 집업 점퍼
SJ2B1WOT615W,드로우스트링 트렌치 코트
SJ2B1WOT615WM,드로우스트링 트렌치 코트
SJ2B4WOP755W,벨티드 퍼프 슬리브 드레스
SJ2B4WOP759WM,웨이스트 리브 드레스
SJ2B4WPC986WM,벨티드 하이웨이스트 쇼츠
SJ2B4WSH849WM,트위드 셔츠
SJ2B5WOP771W,스모킹 쉬폰 드레스
SJ2B5WOP774W,벨티드 프릴 드레스
SJ2B5WOP782W,시어서커 드레스
SJ2B5WOP783WM1,스트라이프 시어 드레스
SJ2B5WOP784W,벨티드 자수 헴 드레스
SJ2B5WOP784WM,벨티드 자수 헴 드레스
SJ2B5WOP788W,벨티드 러플 칼라 드레스
SY2B7WTO585W,레이스 라인 슬리브리스 탑
TG2B1QJM001WST,플로럴 패딩 점퍼
TG2B1WCT006MDU,유니섹스 레이어드 트렌치 코트
TG2B1WJC043MAA,레이어드 더블 재킷
TG2B1WOT002M29,[PUMA X KITSUNE] 유니섹스 패딩 점퍼
TG2B1WPC078M29,유니섹스 밴딩 쇼츠
TG2B3KTO027MAA,글리치 니트 베스트
TG2B3TPC011NDU,유니섹스 컷 오프 스웻쇼츠
TG2B3WPC043MAA,테일러드 오버 팬츠
TG2B3WPC045NHC,유니섹스 로고 자수 쇼츠
TG2B7TDR003WC6,백 플랩 드레스
TG2B7TTS046WGX,벌룬 슬리브 스웻셔츠
TG2B7TTS047WGX,슬릿 후드 티셔츠
TG2B7WSC006WB1,패치워크 데님 스커트
TG2B7WSH024WJF,린넨 포켓 셔츠
TH2B0WPC522MP1,스트레이트 팬츠
TH2B1KVT017M,브이넥 니트 베스트
TH2B1NPC670MP2,크리스 데님 팬츠
TH2B1NPC670MP4,릴랙스 데님 팬츠
TH2B1NPC673NP1,밴딩 데님 팬츠
TH2B1WCT400M,벨티드 트렌치 코트
TH2B1WCT400MP1,벨티드 트렌치 코트
TH2B1WCT404M,벨티드 트렌치 코트
TH2B1WCT404MM1,벨티드 트렌치 코트
TH2B3TPC593N,드로우스트링 밴딩 쇼츠
TH2B3TRN628M,라운드넥 티셔츠
TH2B3TRN628MM1,라운드넥 티셔츠
TH2B3WCT403M,테일러드 칼라 트렌치 코트
TH2B3WCT403MM1,테일러드 칼라 트렌치 코트
TH2B3WJC051MP1,체크 싱글 재킷
TH2B3WJC206MM1,크링클 싱글 재킷
TH2B3WJM304MP1,라이트 점퍼
TH2B3WJM304MP2,스트레치 점퍼
TH2B3WPC525MM1,스트레치 팬츠
TH2B3WPC527MM1,밴딩 스트레이트 팬츠
TH2B3WPC527MM2,밴딩 스트레이트 팬츠
TH2B3WPC528M,린넨 블렌드 팬츠
TH2B3WPC651MP1,스트레이트 팬츠
TH2B4NPC678M,루즈 데님 팬츠
TH2B4WJC053M,[SET-UP] 울 블렌드 재킷
TH2B4WJC054M,시어서커 재킷
TH2B4WJC055M,싱글 셋업 재킷
TH2B4WJC056M,[SET-UP] 스트레치 재킷
TH2B4WJC057M,린넨 블렌드 재킷
TH2B4WJC210M,울 체크 재킷
TH2B4WJM317MM1,크링클 점퍼
TH2B4WOT314MM1,크링클 점퍼
TH2B4WOT314MP1,크링클 점퍼
TH2B4WPC581MP1,사이드 밴딩 팬츠
TH2B4WPC653MP2,울 블렌드 팬츠
TH2B4WPC656MM1,스트레치 팬츠
TH2B4WSH712MP2,오픈 칼라 셔츠
TH2B4WSH723MP1,린넨 크링클 셔츠
TH2B1WCT406N,버튼 탭 트렌치 코트
TH2B1WJC202M,울 블렌드 솔리드 재킷
TH2B1WJC202MM1,울 블렌드 솔리드 재킷
TH2B1WJC208M,솔리드 싱글 재킷
TH2B1WJC208MM1,솔리드 싱글 재킷
TH2B1WJM302MP1,멀티 포켓 점퍼
TH2B1WOT313M,플랩 포켓 트렌치 코트
TH2B1WOT320MP1,모크넥 드로우스트링 점퍼
TH2B1WPC523MP1,스트레치 팬츠
TH2B1WPC652MP1,울 블렌드 스트레이트 팬츠
TH2B3KCD026M,테리 니트 가디건
TH2B3NJM316MM2,멀티 포켓 데님 점퍼
TH2B3NPC673MP3,슬림 데님 팬츠
TH2B3NPC677NP1,뉴스트레이트 크롭 데님 팬츠
TH2B3NPC683NP1,버뮤다 밴딩 데님 쇼츠
SY2B5WSC742W,벨티드 언밸런스 스커트
SY2B5WSC743W,프린팅 플리츠 스커트
SY2B5WSH071WM1,윙 슬리브 셔츠
SY2B5WSH073W,벨티드 셔츠
SY2B5WSHJ01WM1,컷아웃 오픈 칼라 셔츠
SY2B7KCD803W,컷아웃 니트 가디건
SY2B7KDR952W,텍스처 블록 니트 드레스
SY2B7NPC304W,크링클 워싱 데님 팬츠
SY2B7NPC305W,포켓 와이드 데님 팬츠
SY2B7NSC503W,데님 프릴 스커트
SY2B7NVT081W,드로우스트링 데님 베스트
SY2B7TTO701W,언밸런스 슬리브 티셔츠
SY2B7TTO702W,아플리케 레터링 티셔츠
SY2B7TTO702WM,아플리케 레터링 티셔츠
SY2B7TTO709W,레터링 프린팅 티셔츠
SY2B7WBL261W,프릴 레이스 블라우스
SY2B7WBL261WM,프릴 블라우스
SY2B7WBL263W,스트랩 넥 블라우스
SY2B7WBL263WM,스트랩 넥 블라우스
SY2B7WPC402W,크레이프 퀼로트 쇼츠
SY2B7WPC403W,글로시 팬츠
SY2B7WPC405W,크링클 코팅 팬츠
SY2B7WPC407W,턱 웨이스트 스트랩 팬츠
SY2B7WSC501W,레이스 프릴 스커트
SY2B7WSC502W,벨티드 플레어 스커트
SY2B7WSC503W,글로시 프릴 스커트
SY2B7WSS551W,튤 레이어 스커트
SY2B7WTO576W,벌룬 슬리브 튤 탑
SY2B7WTO577W,플리츠 패널 탑
SY2B7WTO583W,스트랩리스 탑
SY2B7WTO584W,레터링 프린팅 탑
TM2B7KCD204WM1,시퀸 니트 가디건
TM2B7KOP601W,플리츠 헴 니트 드레스
TM2B7KOP601WM1,플리츠 헴 니트 드레스
TM2B7KSC801W,플레어 헴 크로셰 스커트
TM2B7KVT209W,컬러 블록 니트 베스트
TM2B7NOT302W,벨티드 로고 데님 재킷
TM2B7NPC307W,스티치 데님 팬츠
TM2B7NSC304W,로고 데님 스커트
TM2B7WJC205W,데님 블록 트위드 재킷
TM2B7WJCS01W,[시그니처] 3/4 슬리브 크롭 재킷
TM2B7WOP202W,벨티드 점프수트
TM2B7WOPS01W,벨티드 플리츠 블록 드레스
TM2B7WOT701W,벨티드 점퍼
TM2B7WOT702W,투웨이 슬리브 점퍼
TM2B7WOT703W,디테쳐블 후드 점퍼
TM2B7WPCS02W,[시그니처] 백 밴딩 투턱 팬츠
TM2B7WSC506W,크링클 밴딩 스커트
TM2B8KCD222W,프린지 니트 가디건
TM2B8KCD222WM1,프린지 니트 가디건
TM2B8WJCS22W,[시그니처] 울 싱글 재킷
TM2B8WOT722W,벨티드 점퍼
TN2B0WCT150W,하프 슬리브 코트
TN2B0WCT151W,글리터 라인 오픈 코트
TN2B0WCT153W,실크 블렌드 하프 코트
TN2B4KSCT02W,[athleisure] 플리츠 헴 니트 스커트
TN2B4NOP425W,벨티드 데님 점프수트
TN2B4TDR429W,텍스처 블록 드레스
TN2B4TSC733W,체크 스커트
TN2B4TSC733WP,리브 스커트
TN2B4WDR418W,플리츠 티어드 드레스
TN2B4WSC715W,셔링 밴딩 스커트
TH2B5KCD031M,멜란지 오픈 니트 가디건
TH2B5NPC680M,스트레이트 데님 팬츠
TH2B5NPC681M,봉제 라인 데님 팬츠
TH2B5NPC682N,밴딩 와이드 릴랙스 데님
TH2B5NPC685M,디스트로이드 데님 팬츠
TH2B5TRN643N,돌먼 슬리브 오버핏 티셔츠
TH2B5TRN652N,와플 텍스쳐 니팅 티셔츠
TH2B5TRN654MM1,하프 슬리브 스웻셔츠
TH2B5TRN657M,텍스처 블록 티셔츠
TH2B5TRN658N,백 프린팅 티셔츠
TH2B5TRN659N,프린팅 티셔츠
TH2B5TTN637MM1,크링클 칼라 티셔츠
TH2B5TVN645MP1,백 스트랩 티셔츠
TH2B5WJC209M,크링클 재킷
TH2B5WJC209MP1,하운드투스 체크 재킷
TH2B5WJM321M,포켓 셔츠 점퍼
TH2B5WJM321MM1,포켓 셔츠 점퍼
TH2B5WPC529M,린넨 블렌드 쇼츠
TH2B5WPC529MM1,린넨 블렌드 쇼츠
TH2B5WPC529MM2,린넨 블렌드 쇼츠
TH2B5WPC583M,린넨 블렌드 밴딩 팬츠
TH2B5WPC583MM1,린넨 블렌드 밴딩 팬츠
TH2B5WPC584M,루즈 밴딩 팬츠
TH2B5WPC584MM1,루즈 밴딩 팬츠
TH2B5WPC584MP2,시어서커 밴딩 팬츠
TH2B5WPC586M,백 밴딩 쇼츠
TH2B5WPC586MP1,백 밴딩 쇼츠
TH2B5WPC588M,밴딩 루즈 팬츠
TH2B5WPC589M,솔리드 밴딩 쇼츠
TH2B5WPC590M,카고 밴딩 쇼츠
TH2B5WPC594M,밴딩 스트레이트 팬츠
TH2B5WPC594MM1,밴딩 스트레이트 팬츠
TH2B5WPC595N,원 턱 라이트 쇼츠
TH2B5WPC597N,원턱 테이퍼드 팬츠
TH2B5WPC598N,드로우스트링 팬츠
TH2B5WSH720N,오버핏 드로우스트링 크롭 셔츠
TH2B5WSH722MM1,하프 슬리브 셔츠
TH2B5WSH725M,플랩 셔츠
TH2B5WSH727M,오픈 칼라 셔츠
TH2B5WSH728M,패널 솔리드 셔츠
TH2B7NPC684M,[CAPSULE COLLECTION] 밴딩 데님 쇼츠
TH2B7NPC684MP1,[CAPSULE COLLECTION] 밴딩 린넨 블렌드 쇼츠
TH2B7TTN604MM1,오버사이즈 칼라 티셔츠
TH2B7TVT601M,리브 블록 아일렛 베스트
TH2B7WJC201M,[CAPSULE COLLECTION] 오버사이즈 재킷
TH2B7WJM301M,[CAPSULE COLLECTION] 드로우스트링 점퍼
TH2B7WPC570M,[CAPSULE COLLECTION] 플랩 포켓 데님 쇼츠
TH2B7WPC571M,[CAPSULE COLLECTION] 투턱 밴딩 팬츠
TH2B7WPC573M,[CAPSULE COLLECTION] 드로우스트링 카고 팬츠
TH2B7WPC592M,[CAPSULE COLLECTION] 원턱 루즈 팬츠
TH2B7WSH700M,린넨 블렌드 셔츠
TH2B7WSH703M,[CAPSULE COLLECTION] 스트라이프 오픈 칼라 셔츠
TH2B7WSH704M,[CAPSULE COLLECTION] 자카드 셔츠
TH2B7WSH721M,[CAPSULE COLLECTION] 패널 크링클 셔츠
TH2B7WSH724M,[CAPSULE COLLECTION] 빅 포켓 데님 셔츠
TH2B7WSH724MM1,[CAPSULE COLLECTION] 빅 포켓 데님 셔츠
TH2B8KCD009M,[CAPSULE COLLECTION] 메쉬 니트 가디건
TH2B8WPC574M,[CAPSULE COLLECTION] 밴딩 블록 플리츠 팬츠
TH2B8WSH707M,[CAPSULE COLLECTION] 번아웃 후드 셔츠
TM2B0WCT401W,벨티드 레더 코트
TM2B1WCT422WP1,벨티드 트렌치 코트
TM2B1WCT422WP5,벨티드 트렌치 코트
TM2B1WOT323WP2,하프 트렌치 코트
TM2B1WPC825WP5,백 밴딩 팬츠
TM2B3WCT441WP1,스트랩 커프스 트렌치 코트
TM2B3WCT441WP2,스트랩 커프스 트렌치 코트
TM2B3WCT441WP3,스트랩 커프스 트렌치 코트
TM2B3WCT441WP4,스트랩 커프스 트렌치 코트
TM2B3WCT442W,턱 슬리브 트렌치 코트
TM2B3WCT442WP1,턱 슬리브 트렌치 코트
TM2B3WPCS42W,[시그니처] 투턱 루즈 팬츠
TM2B3WPCS42WP4,[시그니처] 투턱 스트레이트 팬츠
TM2B3WPCS42WP5,[시그니처] 투턱 스트레이트 팬츠
TM2B3WSC645WP1,밴딩 플레어 스커트
TM2B4KSC464W,프린지 니트 스커트
TM2B4WSH562WP2,트위스트 오픈 칼라 셔츠
TM2B4WSH562WP6,트위스트 오픈 칼라 셔츠
TM2B5KOT183WM1,페플럼 니트 점퍼
TM2B5KSCB84W,[BLUE LABEL] 크로셰 니트 스커트
TM2B5KSCB84WM1,프린지 니트 스커트
TM2B5KSCB84WM2,크로셰 니트 스커트
TM2B5KSCB84WP1,크로셰 니트 스커트
TM2B5WOP981WP4,플랩 슬리브리스 드레스
TM2B5WOP982W,벨티드 린넨 점프수트
TM2B5WOP982WP1,벨티드 린넨 블렌드 점프수트
TM2B5WOP982WP2,벨티드 린넨 블렌드 점프수트
TM2B5WOP987W,세일러 칼라 벨티드 점프수트
TM2B5WOP991WP2,니트 블록 집업 드레스
TM2B5WOPS92WM3,컷아웃 웨이스트 드레스
TM2B5WPC884W,빅 포켓 벨티드 쇼츠
TM2B7KCD201W,믹스 패턴 니트 가디건
YS2B3NSC001WAC,스트라이프 데님 스커트
YS2B3NSC004WBS,데님 미니 스커트
YS2B3NSC005W24,프레이드 데님 스커트
YS2B3NSC006W24,프레이드 데님 미니 스커트
YS2B3TDR005W23,그라데이션 슬리브리스 드레스
YS2B3WDR011WSS,지브라 미니 드레스
YS2B3WDR018WDN,플로럴 슬리브리스 드레스
YS2B3WPC012WAB,하이웨이스트 린넨 팬츠
YS2B3WSC011WRS,벨티드 포켓 스커트
YS2B7KCD006WTB,레오파드 니트 가디건
YS2B7NJC006WTB,데님 재킷
YS2B7NJC007WBS,크롭 데님 재킷
YS2B7NPC401WFE,하이웨이스트 데님 팬츠
YS2B7NPC509WFE,크롭 벨보텀 데님 팬츠
YS2B7NPC702WFE,스키니 데님 팬츠
YS2B7TPC011NPA,자수 밴딩 쇼츠
YS2B7TTO058NPA,로고 프린팅 티셔츠
YS2B7TTO059NPA,로고 프린팅 티셔츠
YS2B7WJM005WTB,로고 봄버 점퍼
YS2B9NPC035W4D,프레이드 데님 쇼츠
YS2B9NPC647W4D,스트레이트 데님 팬츠
YS2B9NPC648W4D,프레이드 데님 팬츠
YS2B9NPC649W4D,디스트로이드 데님 팬츠
YS2B9NPC651W4D,스트레이트 데님 팬츠
YS2B9NPC710W4D,스키니 데님 팬츠
SJ2B7KTO703W_BK,프린지 니트 탑
SY2B7KTO854W_GK,텍스처 블록 니트 탑
SJ2B7KTO702W_BK,텍스처 블록 니트 탑
LC2B4KTO963WP1_RT,퍼프 슬리브 니트 탑
LV2B3KTO001W_PK,프린팅 블록 니트 탑
SJ2B7KTO705W_BD,오픈 칼라 니트 탑
MU2B3KTO022MCL_GN,[CASABLANCA] 스트라이프 니트 탑
PL2B7KTO007W_LA,볼레로 레이어 니트 탑
PL2B7KTO004W_NY,페플럼 니트 탑
SY2B5KTO664WM1_MN,세일러 칼라 니트 탑
MN2B5KTO481WP_BK,컬러 블록 니트 탑
MN2B3KTO444WM1_CR,스트라이프 니트 탑
OB2B7KTO770W_PK,스퀘어넥 니트 탑
CM2B8KTO917W_RP,버튼 니트 탑
CM2B7KTO343W_KG,브이넥 니트 탑
SY2B7KTO853W_KB,백 버튼 니트 탑
TM2B8KTO422W_VA,스트라이프 니트 탑
IL2B7KTO005WP_LP,캐시미어 블렌드 칼라 니트 탑
IL2B7KTO004W_BK,배색 라인 니트 탑
TM2B8KTOS21W_BK,울 블렌드 니트 탑
LC2B7KTO107W_IV,노트넥 니트 탑
LC2B7KTO105W_CR,컬러 블록 니트 탑
LC2B7KTO103W_LE,드롭 숄더 니트 탑
LC2B7KTO102W_BL,베리어스 리브 니트 탑
TN2B4WSC724W,셔링 드레이프 스커트
TN2B4WSC725W,프릴 헴 스모킹 스커트
TN2B4WSCT08W,[athleisure] 컬러 블록 플리츠 스커트
TN2B4WSCT09W,[athleisure] 레이스 플리츠 스커트
TN2B5WDR436W,드로우스트링 헴 드레스
TN2B5WDR438W,체크 티어드 드레스
TN2B5WPC827W,린넨 블렌드 쇼츠
TN2B5WPC830W,린넨 블렌드 밴딩 쇼츠
TN2B5WSCG23N,[THE GREY] 셔링 밴딩 스커트
TN2B5WSHG20NM,[THE GREY] 프릴 패널 셔츠
TN2B7WDRG01N,[THE GREY] 백 스트랩 드레스
TN2B7WDRG01NM,[THE GREY] 백 스트랩 드레스
TN2B7WDRG01NM1,[THE GREY] 백 스트랩 드레스
TN2B7WDRG01NM2,[THE GREY] 백 스트랩 드레스
TN2B7WDRG01NP,백 스트랩 드레스
YN2B0NOT201W,웨이브 퀼팅 데님 점퍼
YN2B0WCT150W,[STORIE] 헤링본 더블 코트
YN2B1WOT213W,슬리브리스 숏 트렌치 코트
YN2B3TTO612NM1,[palette] 돌먼 슬리브 티셔츠
YN2B3WSC727W,글리터 트위드 미니 스커트
YN2B5KCD934W,하프 슬리브 니트 가디건
YN2B5WDR425W,벨티드 레이스 라인 드레스
YN2B7KVT918W,시퀸 니트 베스트
YN2B7TSC751W,컬러 블록 스커트
YN2B7WPC804W,벨티드 팬츠
YN2B7WPC817W,스트레이트 팬츠
YS2B1QJC001WSD,레더 패딩 재킷
YS2B1WDR018WFA,페이즐리 미니 드레스
YS2B1WSC006WOT,플라워 미니 스커트
YS2B1WSC007WOT,자수 오간자 스커트
